2008;2009;2010;2011;2012;2013;2014;2015;2016;2017;2018
AFARAK GROUP ;AFARAK GROUP ;AFARAK GROUP ;AFARAK GROUP ;AFARAK GROUP ;AFARAK GROUP ;AFARAK GROUP ;AFARAK GROUP ;AFARAK GROUP ;AFARAK GROUP ;AFARAK GROUP 
AFFECTO OYJ ;AFFECTO OYJ ;AFFECTO OYJ ;AFFECTO OYJ ;AFFECTO OYJ ;AFFECTO OYJ ;AFFECTO OYJ ;AFFECTO OYJ ;AFFECTO OYJ ;AFFECTO OYJ ;AHLSTROM MUNKSJO OYJ 
AHLSTROM OYJ ;AHLSTROM OYJ ;AHLSTROM OYJ ;AHLSTROM OYJ ;AHLSTROM OYJ ;AHLSTROM OYJ ;AHLSTROM OYJ ;AHLSTROM OYJ ;AHLSTROM OYJ ;AHLSTROM MUNKSJO OYJ ;ALMA MEDIA OYJ 
SYMPHONYEYC ;SYMPHONYEYC ;AHTIUM OYJ ;AHTIUM OYJ ;AHTIUM OYJ ;AHTIUM OYJ ;AHLSTROM MUNKSJO OYJ ;AHLSTROM MUNKSJO OYJ ;AHLSTROM MUNKSJO OYJ ;ALMA MEDIA OYJ ;AMER SPORTS 
ALMA MEDIA OYJ ;ALMA MEDIA OYJ ;SYMPHONYEYC ;SYMPHONYEYC ;AMER SPORTS ;ALMA MEDIA OYJ ;AHTIUM OYJ ;ALMA MEDIA OYJ ;ALMA MEDIA OYJ ;AMER SPORTS ;APETIT OYJ 
AMER SPORTS ;AMER SPORTS ;ALMA MEDIA OYJ ;ALMA MEDIA OYJ ;APETIT OYJ ;AMER SPORTS ;ALMA MEDIA OYJ ;AMER SPORTS ;AMER SPORTS ;APETIT OYJ ;ASPO OYJ 
APETIT OYJ ;APETIT OYJ ;AMER SPORTS ;AMER SPORTS ;ASPO OYJ ;APETIT OYJ ;AMER SPORTS ;APETIT OYJ ;APETIT OYJ ;ASPO OYJ ;ASPOCOMP GROUP OYJ 
ASPO OYJ ;ASPO OYJ ;APETIT OYJ ;APETIT OYJ ;ASPOCOMP GROUP OYJ ;ASPO OYJ ;APETIT OYJ ;ASPO OYJ ;ASPO OYJ ;ASPOCOMP GROUP OYJ ;ATRIA PLC 
ASPOCOMP GROUP OYJ ;ASPOCOMP GROUP OYJ ;ASPO OYJ ;ASPO OYJ ;ATRIA PLC ;ASPOCOMP GROUP OYJ ;ASPO OYJ ;ASPOCOMP GROUP OYJ ;ASPOCOMP GROUP OYJ ;ATRIA PLC ;BASWARE OYJ 
ATRIA PLC ;ATRIA PLC ;ASPOCOMP GROUP OYJ ;ASPOCOMP GROUP OYJ ;BASWARE OYJ ;ATRIA PLC ;ASPOCOMP GROUP OYJ ;ATRIA PLC ;ATRIA PLC ;BASWARE OYJ ;BIOHIT OYJ 
BASWARE OYJ ;BASWARE OYJ ;ATRIA PLC ;ATRIA PLC ;BIOHIT OYJ ;BASWARE OYJ ;ATRIA PLC ;BASWARE OYJ ;BASWARE OYJ ;BIOHIT OYJ ;BITTIUM OYJ 
BIOHIT OYJ ;BIOHIT OYJ ;BASWARE OYJ ;BASWARE OYJ ;BITTIUM OYJ ;BIOHIT OYJ ;BASWARE OYJ ;BIOHIT OYJ ;BIOHIT OYJ ;BITTIUM OYJ ;CARGOTEC CORPORATION 
BITTIUM OYJ ;BITTIUM OYJ ;BIOHIT OYJ ;BIOHIT OYJ ;CARGOTEC CORPORATION ;BITTIUM OYJ ;BIOHIT OYJ ;BITTIUM OYJ ;BITTIUM OYJ ;CARGOTEC CORPORATION ;CAVERION OYJ 
CARGOTEC CORPORATION ;CARGOTEC CORPORATION ;BITTIUM OYJ ;BITTIUM OYJ ;CITYCON OYJ ;CARGOTEC CORPORATION ;BITTIUM OYJ ;CARGOTEC CORPORATION ;CARGOTEC CORPORATION ;CAVERION OYJ ;CITYCON OYJ 
CITYCON OYJ ;CITYCON OYJ ;CARGOTEC CORPORATION ;CARGOTEC CORPORATION ;COMPONENTA CO ;CITYCON OYJ ;CARGOTEC CORPORATION ;CAVERION OYJ ;CAVERION OYJ ;CITYCON OYJ ;COMPONENTA CO 
COMPONENTA CO ;COMPONENTA CO ;CITYCON OYJ ;CITYCON OYJ ;COMPTEL OYJ ;COMPONENTA CO ;CAVERION OYJ ;CITYCON OYJ ;CITYCON OYJ ;COMPONENTA CO ;CONSTI GROUP 
COMPTEL OYJ ;COMPTEL OYJ ;COMPONENTA CO ;COMPONENTA CO ;CRAMO OYJ ;COMPTEL OYJ ;CITYCON OYJ ;COMPONENTA CO ;COMPONENTA CO ;COMPTEL OYJ ;CRAMO OYJ 
CRAMO OYJ ;CRAMO OYJ ;COMPTEL OYJ ;COMPTEL OYJ ;DIGIA PLC ;CRAMO OYJ ;COMPONENTA CO ;COMPTEL OYJ ;COMPTEL OYJ ;CONSTI GROUP ;DNA 
DIGIA PLC ;DIGIA PLC ;CRAMO OYJ ;CRAMO OYJ ;DIGITALIST GROUP OYJ ;DIGIA PLC ;COMPTEL OYJ ;CRAMO OYJ ;CONSTI GROUP ;CRAMO OYJ ;DOVRE GROUP 
DIGITALIST GROUP OYJ ;DIGITALIST GROUP OYJ ;DIGIA PLC ;DIGIA PLC ;DOVRE GROUP ;DIGITALIST GROUP OYJ ;CRAMO OYJ ;DIGIA PLC ;CRAMO OYJ ;DIGIA PLC ;EFORE PLC 
DOVRE GROUP ;DOVRE GROUP ;DIGITALIST GROUP OYJ ;DIGITALIST GROUP OYJ ;EFORE PLC ;DOVRE GROUP ;DIGIA PLC ;DIGITALIST GROUP OYJ ;DIGIA PLC ;DIGITALIST GROUP OYJ ;ELECSTER OYJ 
EFORE PLC ;EFORE PLC ;DOVRE GROUP ;DOVRE GROUP ;ELECSTER OYJ ;EFORE PLC ;DIGITALIST GROUP OYJ ;DOVRE GROUP ;DIGITALIST GROUP OYJ ;DNA ;ELISA CORP 
ELCOTEQ SE ;ELCOTEQ SE ;EFORE PLC ;EFORE PLC ;ELISA CORP ;ELECSTER OYJ ;DOVRE GROUP ;EFORE PLC ;DOVRE GROUP ;DOVRE GROUP ;ETTEPLAN OYJ 
ELECSTER OYJ ;ELECSTER OYJ ;ELCOTEQ SE ;ELCOTEQ SE ;ETTEPLAN OYJ ;ELISA CORP ;EFORE PLC ;ELECSTER OYJ ;EFORE PLC ;EFORE PLC ;EXEL COMPOSITES OYJ 
ELISA CORP ;ELISA CORP ;ELECSTER OYJ ;ELECSTER OYJ ;EXEL COMPOSITES OYJ ;ETTEPLAN OYJ ;ELECSTER OYJ ;ELISA CORP ;ELECSTER OYJ ;ELECSTER OYJ ;FSECURE OYJ 
ETTEPLAN OYJ ;ETTEPLAN OYJ ;ELISA CORP ;ELISA CORP ;FSECURE OYJ ;EXEL COMPOSITES OYJ ;ELISA CORP ;ETTEPLAN OYJ ;ELISA CORP ;ELISA CORP ;FISKARS OYJ 
EVIA OYJ ;EXEL COMPOSITES OYJ ;ETTEPLAN OYJ ;ETTEPLAN OYJ ;FINNAIR OYJ ;FSECURE OYJ ;ETTEPLAN OYJ ;EXEL COMPOSITES OYJ ;ETTEPLAN OYJ ;ETTEPLAN OYJ ;GLASTON CORPORATION 
EXEL COMPOSITES OYJ ;FSECURE OYJ ;EXEL COMPOSITES OYJ ;EXEL COMPOSITES OYJ ;FINNLINES OYJ ;FINNAIR OYJ ;EXEL COMPOSITES OYJ ;FSECURE OYJ ;EXEL COMPOSITES OYJ ;EXEL COMPOSITES OYJ ;HKSCAN CORP 
FSECURE OYJ ;FINNAIR OYJ ;FSECURE OYJ ;FSECURE OYJ ;FISKARS OYJ ;FINNLINES OYJ ;FSECURE OYJ ;FINNAIR OYJ ;FSECURE OYJ ;FSECURE OYJ ;HONKARAKENNE OYJ 
FINNAIR OYJ ;FINNLINES OYJ ;FINNAIR OYJ ;FINNAIR OYJ ;FORTUM OYJ ;FISKARS OYJ ;FINNAIR OYJ ;FINNLINES OYJ ;FINNAIR OYJ ;FORTUM OYJ ;HUHTAMAKI OYJ 
FINNLINES OYJ ;FISKARS OYJ ;FINNLINES OYJ ;FINNLINES OYJ ;GLASTON CORPORATION ;FORTUM OYJ ;FINNLINES OYJ ;FISKARS OYJ ;FINNLINES OYJ ;GLASTON CORPORATION ;ILKKA YHTYMA OYJ 
FISKARS OYJ ;FORTUM OYJ ;FISKARS OYJ ;FISKARS OYJ ;HKSCAN CORP ;GLASTON CORPORATION ;FISKARS OYJ ;FORTUM OYJ ;FISKARS OYJ ;HKSCAN CORP ;INCAP OYJ 
FORTUM OYJ ;GLASTON CORPORATION ;FORTUM OYJ ;FORTUM OYJ ;HONKARAKENNE OYJ ;HKSCAN CORP ;FORTUM OYJ ;GLASTON CORPORATION ;FORTUM OYJ ;HONKARAKENNE OYJ ;INNOFACTOR PLC 
GLASTON CORPORATION ;HKSCAN CORP ;GLASTON CORPORATION ;GLASTON CORPORATION ;HUHTAMAKI OYJ ;HONKARAKENNE OYJ ;GLASTON CORPORATION ;HKSCAN CORP ;GLASTON CORPORATION ;HUHTAMAKI OYJ ;INVESTORS HOUSE OYJ 
HKSCAN CORP ;HONKARAKENNE OYJ ;HKSCAN CORP ;HKSCAN CORP ;ILKKA YHTYMA OYJ ;HUHTAMAKI OYJ ;HKSCAN CORP ;HONKARAKENNE OYJ ;HKSCAN CORP ;ILKKA YHTYMA OYJ ;KEMIRA OYJ 
HONKARAKENNE OYJ ;HUHTAMAKI OYJ ;HONKARAKENNE OYJ ;HONKARAKENNE OYJ ;INCAP OYJ ;ILKKA YHTYMA OYJ ;HONKARAKENNE OYJ ;HUHTAMAKI OYJ ;HONKARAKENNE OYJ ;INCAP OYJ ;KESKISUOMALAINEN OYJ 
HUHTAMAKI OYJ ;ILKKA YHTYMA OYJ ;HUHTAMAKI OYJ ;HUHTAMAKI OYJ ;INNOFACTOR PLC ;INCAP OYJ ;HUHTAMAKI OYJ ;ILKKA YHTYMA OYJ ;HUHTAMAKI OYJ ;INNOFACTOR PLC ;KESKO OYJ 
ILKKA YHTYMA OYJ ;INCAP OYJ ;ILKKA YHTYMA OYJ ;ILKKA YHTYMA OYJ ;INVESTORS HOUSE OYJ ;INNOFACTOR PLC ;ILKKA YHTYMA OYJ ;INCAP OYJ ;ILKKA YHTYMA OYJ ;INVESTORS HOUSE OYJ ;KONE CORPORATION 
INCAP OYJ ;INVESTORS HOUSE OYJ ;INCAP OYJ ;INCAP OYJ ;KESKISUOMALAINEN OYJ ;INVESTORS HOUSE OYJ ;INCAP OYJ ;INNOFACTOR PLC ;INCAP OYJ ;KEMIRA OYJ ;KONECRANES ABP 
INVESTORS HOUSE OYJ ;JULIUS TALLBERG OYJ ;INNOFACTOR PLC ;INNOFACTOR PLC ;KESKO OYJ ;KEMIRA OYJ ;INNOFACTOR PLC ;INVESTORS HOUSE OYJ ;INNOFACTOR PLC ;KESKISUOMALAINEN OYJ ;LASSILA & TIKANOJA 
JULIUS TALLBERG OYJ ;KEMIRA OYJ ;INTERAVANTI OYJ ;INTERAVANTI OYJ ;KESLA OYJ ;KESKISUOMALAINEN OYJ ;INVESTORS HOUSE OYJ ;KEMIRA OYJ ;INVESTORS HOUSE OYJ ;KESKO OYJ ;LEHTO GROUP 
KEMIRA OYJ ;KESKISUOMALAINEN OYJ ;INVESTORS HOUSE OYJ ;INVESTORS HOUSE OYJ ;KONE CORPORATION ;KESKO OYJ ;KEMIRA OYJ ;KESKISUOMALAINEN OYJ ;KEMIRA OYJ ;KONE CORPORATION ;MARIMEKKO OYJ 
KESKISUOMALAINEN OYJ ;KESKO OYJ ;KEMIRA OYJ ;KEMIRA OYJ ;KONECRANES ABP ;KESLA OYJ ;KESKISUOMALAINEN OYJ ;KESKO OYJ ;KESKISUOMALAINEN OYJ ;LASSILA & TIKANOJA ;MARTELA OYJ 
KESKO OYJ ;KESLA OYJ ;KESKISUOMALAINEN OYJ ;KESKISUOMALAINEN OYJ ;LASSILA & TIKANOJA ;KONE CORPORATION ;KESKO OYJ ;KESLA OYJ ;KESKO OYJ ;LEHTO GROUP ;METSA BOARD OYJ 
KESLA OYJ ;KONE CORPORATION ;KESKO OYJ ;KESKO OYJ ;LEMMINKAINEN OYJ ;KONECRANES ABP ;KESLA OYJ ;KONE CORPORATION ;KESLA OYJ ;MARIMEKKO OYJ ;METSO OYJ 
KONE CORPORATION ;KONECRANES ABP ;KESLA OYJ ;KESLA OYJ ;MARIMEKKO OYJ ;LASSILA & TIKANOJA ;KONE CORPORATION ;KONECRANES ABP ;KONE CORPORATION ;MARTELA OYJ ;NEO INDUSTRIAL 
KONECRANES ABP ;LAROX OYJ ;KONE CORPORATION ;KONE CORPORATION ;MARTELA OYJ ;LEMMINKAINEN OYJ ;KONECRANES ABP ;LASSILA & TIKANOJA ;KONECRANES ABP ;METSA BOARD OYJ ;NESTE OYJ 
LAROX OYJ ;LASSILA & TIKANOJA ;KONECRANES ABP ;KONECRANES ABP ;METSA BOARD OYJ ;MARIMEKKO OYJ ;LASSILA & TIKANOJA ;LEMMINKAINEN OYJ ;LEMMINKAINEN OYJ ;METSO OYJ ;NEXT GAMES OY 
LASSILA & TIKANOJA ;LEMMINKAINEN OYJ ;LAROX OYJ ;LASSILA & TIKANOJA ;METSO OYJ ;MARTELA OYJ ;LEMMINKAINEN OYJ ;MARIMEKKO OYJ ;MARTELA OYJ ;NEO INDUSTRIAL ;NOKIA OYJ 
LEMMINKAINEN OYJ ;MARIMEKKO OYJ ;LASSILA & TIKANOJA ;LEMMINKAINEN OYJ ;NEO INDUSTRIAL ;METSA BOARD OYJ ;MARIMEKKO OYJ ;MARTELA OYJ ;METSA BOARD OYJ ;NESTE OYJ ;NOKIAN TYRES PLC 
MARIMEKKO OYJ ;MARTELA OYJ ;LEMMINKAINEN OYJ ;MARIMEKKO OYJ ;NESTE OYJ ;METSO OYJ ;MARTELA OYJ ;METSA BOARD OYJ ;METSO OYJ ;NOKIA OYJ ;NURMINEN LOGISTICS 
MARTELA OYJ ;METSA BOARD OYJ ;MARIMEKKO OYJ ;MARTELA OYJ ;NOKIA OYJ ;NEO INDUSTRIAL ;METSA BOARD OYJ ;METSO OYJ ;NEO INDUSTRIAL ;NOKIAN TYRES PLC ;OLVI OYJ 
METSA BOARD OYJ ;METSO OYJ ;MARTELA OYJ ;METSA BOARD OYJ ;NOKIAN TYRES PLC ;NESTE OYJ ;METSO OYJ ;NEO INDUSTRIAL ;NESTE OYJ ;NURMINEN LOGISTICS ;ORIOLA OYJ 
METSO OYJ ;NEO INDUSTRIAL ;METSA BOARD OYJ ;METSO OYJ ;NURMINEN LOGISTICS ;NOKIA OYJ ;NEO INDUSTRIAL ;NESTE OYJ ;NOKIA OYJ ;ORIOLA OYJ ;ORION OYJ 
NEO INDUSTRIAL ;NESTE OYJ ;METSO OYJ ;NEO INDUSTRIAL ;OKMETIC OYJ ;NOKIAN TYRES PLC ;NESTE OYJ ;NOKIA OYJ ;NOKIAN TYRES PLC ;ORION OYJ ;OUTOKUMPU OYJ 
NESTE OYJ ;NOKIA OYJ ;NEO INDUSTRIAL ;NESTE OYJ ;ORAL HAMMASLAAKARIT ;NURMINEN LOGISTICS ;NOKIA OYJ ;NOKIAN TYRES PLC ;NURMINEN LOGISTICS ;OUTOKUMPU OYJ ;OUTOTEC OYJ 
NOKIA OYJ ;NOKIAN TYRES PLC ;NESTE OYJ ;NOKIA OYJ ;ORIOLA OYJ ;OKMETIC OYJ ;NOKIAN TYRES PLC ;NURMINEN LOGISTICS ;OKMETIC OYJ ;OUTOTEC OYJ ;OVARO KIINTEIS 
NOKIAN TYRES PLC ;NORDIC ALUMINIUM OYJ ;NOKIA OYJ ;NOKIAN TYRES PLC ;ORION OYJ ;OLVI OYJ ;NURMINEN LOGISTICS ;OKMETIC OYJ ;OLVI OYJ ;OVARO KIINTEIS ;PIHLAJALINNA OYJ 
NORDIC ALUMINIUM OYJ ;NURMINEN LOGISTICS ;NOKIAN TYRES PLC ;NORDIC ALUMINIUM OYJ ;OUTOKUMPU OYJ ;ORAL HAMMASLAAKARIT ;OKMETIC OYJ ;OLVI OYJ ;ORIOLA OYJ ;PIHLAJALINNA OYJ ;KARJALAN KIRJAPAINO 
NURMINEN LOGISTICS ;OKMETIC OYJ ;NORDIC ALUMINIUM OYJ ;NURMINEN LOGISTICS ;OUTOTEC OYJ ;ORIOLA OYJ ;OLVI OYJ ;ORIOLA OYJ ;ORION OYJ ;PKC GROUP OYJ ;PONSSE OYJ 
OKMETIC OYJ ;OLVI OYJ ;NURMINEN LOGISTICS ;OKMETIC OYJ ;PKC GROUP OYJ ;ORION OYJ ;ORAL HAMMASLAAKARIT ;ORION OYJ ;OUTOKUMPU OYJ ;KARJALAN KIRJAPAINO ;POYRY OYJ 
OLVI OYJ ;ORAL HAMMASLAAKARIT ;OKMETIC OYJ ;OLVI OYJ ;KARJALAN KIRJAPAINO ;OUTOKUMPU OYJ ;ORIOLA OYJ ;OUTOKUMPU OYJ ;OUTOTEC OYJ ;PONSSE OYJ ;QT GROUP OYJ 
ORAL HAMMASLAAKARIT ;ORIOLA OYJ ;OLVI OYJ ;ORAL HAMMASLAAKARIT ;PONSSE OYJ ;OUTOTEC OYJ ;ORION OYJ ;OUTOTEC OYJ ;OVARO KIINTEIS ;POYRY OYJ ;RAISIO OYJ 
ORIOLA OYJ ;ORION OYJ ;ORAL HAMMASLAAKARIT ;ORIOLA OYJ ;POYRY OYJ ;PKC GROUP OYJ ;OUTOKUMPU OYJ ;OVARO KIINTEIS ;PIHLAJALINNA OYJ ;QPR SOFTWARE OYJ ;RAMIRENT OYJ 
ORION OYJ ;OUTOKUMPU OYJ ;ORIOLA OYJ ;ORION OYJ ;QPR SOFTWARE OYJ ;KARJALAN KIRJAPAINO ;OUTOTEC OYJ ;PKC GROUP OYJ ;PKC GROUP OYJ ;QT GROUP OYJ ;RAUTE OYJ 
OUTOKUMPU OYJ ;OUTOTEC OYJ ;ORION OYJ ;OUTOKUMPU OYJ ;RAISIO OYJ ;PONSSE OYJ ;OVARO KIINTEIS ;KARJALAN KIRJAPAINO ;KARJALAN KIRJAPAINO ;RAISIO OYJ ;RESTAMAX 
OUTOTEC OYJ ;PKC GROUP OYJ ;OUTOKUMPU OYJ ;OUTOTEC OYJ ;RAMIRENT OYJ ;POYRY OYJ ;PKC GROUP OYJ ;PONSSE OYJ ;PONSSE OYJ ;RAMIRENT OYJ ;REVENIO GROUP OYJ 
PKC GROUP OYJ ;KARJALAN KIRJAPAINO ;OUTOTEC OYJ ;PKC GROUP OYJ ;RAPALA VMC ;QPR SOFTWARE OYJ ;KARJALAN KIRJAPAINO ;POYRY OYJ ;POYRY OYJ ;RAPALA VMC ;ROBIT PLC 
KARJALAN KIRJAPAINO ;PONSSE OYJ ;PKC GROUP OYJ ;KARJALAN KIRJAPAINO ;RAUTARUUKKI CORP ;RAISIO OYJ ;PONSSE OYJ ;QPR SOFTWARE OYJ ;QPR SOFTWARE OYJ ;RAUTE OYJ ;ROVIO ENTERTAINMENT 
PONSSE OYJ ;POYRY OYJ ;KARJALAN KIRJAPAINO ;PONSSE OYJ ;RAUTE OYJ ;RAMIRENT OYJ ;POYRY OYJ ;RAISIO OYJ ;RAISIO OYJ ;RESTAMAX ;SAMPO OYJ 
POYRY OYJ ;QPR SOFTWARE OYJ ;PONSSE OYJ ;POYRY OYJ ;REVENIO GROUP OYJ ;RAPALA VMC ;QPR SOFTWARE OYJ ;RAMIRENT OYJ ;RAMIRENT OYJ ;REVENIO GROUP OYJ ;SANOMA OYJ
QPR SOFTWARE OYJ ;RAISIO OYJ ;POYRY OYJ ;QPR SOFTWARE OYJ ;SAGA FURS OYJ ;RAUTARUUKKI CORP ;RAISIO OYJ ;RAPALA VMC ;RAUTE OYJ ;ROBIT PLC ;SCANFIL PLC 
RAISIO OYJ ;RAMIRENT OYJ ;QPR SOFTWARE OYJ ;RAISIO OYJ ;SAMPO OYJ ;RAUTE OYJ ;RAMIRENT OYJ ;RAUTE OYJ ;RESTAMAX ;SAGA FURS OYJ ;SIILI SOLUTIONS OYJ 
RAMIRENT OYJ ;RAPALA VMC ;RAISIO OYJ ;RAMIRENT OYJ ;SANOMA OYJ;REVENIO GROUP OYJ ;RAPALA VMC ;RESTAMAX ;REVENIO GROUP OYJ ;SAMPO OYJ ;SOLTEQ OYJ 
RAPALA VMC ;RAUTARUUKKI CORP ;RAMIRENT OYJ ;RAPALA VMC ;SCANFIL PLC ;SAGA FURS OYJ ;RAUTARUUKKI CORP ;REVENIO GROUP OYJ ;ROBIT PLC ;SANOMA OYJ;SOPRANO OYJ 
RAUTARUUKKI CORP ;RAUTE OYJ ;RAPALA VMC ;RAUTARUUKKI CORP ;SOLTEQ OYJ ;SAMPO OYJ ;RAUTE OYJ ;SAGA FURS OYJ ;SAGA FURS OYJ ;SCANFIL PLC ;SRV GROUP PLC 
RAUTE OYJ ;REVENIO GROUP OYJ ;RAUTARUUKKI CORP ;RAUTE OYJ ;SOPRANO OYJ ;SANOMA OYJ;RESTAMAX ;SAMPO OYJ ;SAMPO OYJ ;SIILI SOLUTIONS OYJ ;SSH COMM 
REVENIO GROUP OYJ ;ROCLA OYJ ;RAUTE OYJ ;REVENIO GROUP OYJ ;SPONDA OYJ ;SCANFIL PLC ;REVENIO GROUP OYJ ;SANOMA OYJ;SANOMA OYJ;SOLTEQ OYJ ;STOCKMANN OYJ 
ROCLA OYJ ;SAGA FURS OYJ ;REVENIO GROUP OYJ ;SAGA FURS OYJ ;SRV GROUP PLC ;SOPRANO OYJ ;SAGA FURS OYJ ;SCANFIL PLC ;SCANFIL PLC ;SOPRANO OYJ ;STORA ENSO OYJ 
SAGA FURS OYJ ;SALCOMP ;SAGA FURS OYJ ;SALCOMP ;SSH COMM ;SPONDA OYJ ;SAMPO OYJ ;SIILI SOLUTIONS OYJ ;SIILI SOLUTIONS OYJ ;SPONDA OYJ ;SUOMEN HOIVATILA 
SALCOMP ;SAMPO OYJ ;SALCOMP ;SAMPO OYJ ;STOCKMANN OYJ ;SRV GROUP PLC ;SANOMA OYJ;SOLTEQ OYJ ;SOLTEQ OYJ ;SRV GROUP PLC ;SUOMINEN OYJ 
SAMPO OYJ ;SANOMA OYJ;SAMPO OYJ ;SANOMA OYJ;STONESOFT OYJ ;SSH COMM ;SCANFIL PLC ;SOPRANO OYJ ;SOPRANO OYJ ;SSH COMM ;TECHNOPOLIS OYJ 
SANOMA OYJ;SOLTEQ OYJ ;SANOMA OYJ;SOLTEQ OYJ ;STORA ENSO OYJ ;STOCKMANN OYJ ;SIILI SOLUTIONS OYJ ;SPONDA OYJ ;SPONDA OYJ ;STOCKMANN OYJ ;TECNOTREE OYJ 
SOLTEQ OYJ ;SOPRANO OYJ ;SOLTEQ OYJ ;SOPRANO OYJ ;SUOMINEN OYJ ;STONESOFT OYJ ;SOLTEQ OYJ ;SRV GROUP PLC ;SRV GROUP PLC ;STORA ENSO OYJ ;TELESTE OYJ 
SOPRANO OYJ ;SPONDA OYJ ;SOPRANO OYJ ;SPONDA OYJ ;TAKOMA OYJ ;STORA ENSO OYJ ;SOPRANO OYJ ;SSH COMM ;SSH COMM ;SUOMEN HOIVATILA ;TERVEYSTALO OY 
SPONDA OYJ ;SRV GROUP PLC ;SPONDA OYJ ;SRV GROUP PLC ;TALENTUM OYJ ;SUOMINEN OYJ ;SPONDA OYJ ;STOCKMANN OYJ ;STOCKMANN OYJ ;SUOMINEN OYJ ;TIETO OYJ 
SRV GROUP PLC ;SSH COMM ;SRV GROUP PLC ;SSH COMM ;TECHNOPOLIS OYJ ;TAKOMA OYJ ;SRV GROUP PLC ;STORA ENSO OYJ ;STORA ENSO OYJ ;TECHNOPOLIS OYJ ;TIKKURILA OYJ 
SSH COMM ;STOCKMANN OYJ ;SSH COMM ;STOCKMANN OYJ ;TECNOTREE OYJ ;TALENTUM OYJ ;SSH COMM ;SUOMINEN OYJ ;SUOMINEN OYJ ;TECNOTREE OYJ ;TOKMANNI GROUP 
STOCKMANN OYJ ;STONESOFT OYJ ;STOCKMANN OYJ ;STONESOFT OYJ ;TELESTE OYJ ;TECHNOPOLIS OYJ ;STOCKMANN OYJ ;TAKOMA OYJ ;TAKOMA OYJ ;TELESTE OYJ ;TRAINERS HOUSE 
STONESOFT OYJ ;STORA ENSO OYJ ;STONESOFT OYJ ;STORA ENSO OYJ ;TIETO OYJ ;TECNOTREE OYJ ;STORA ENSO OYJ ;TALENTUM OYJ ;TECHNOPOLIS OYJ ;TIETO OYJ ;TULIKIVI OYJ 
STORA ENSO OYJ ;SUOMINEN OYJ ;STORA ENSO OYJ ;SUOMINEN OYJ ;TIIMARI OYJ ABP ;TELESTE OYJ ;SUOMINEN OYJ ;TECHNOPOLIS OYJ ;TELESTE OYJ ;TIKKURILA OYJ ;UPM KYMMENE OYJ
SUOMINEN OYJ ;TAKOMA OYJ ;SUOMINEN OYJ ;TAKOMA OYJ ;TIKKURILA OYJ ;TIETO OYJ ;TAKOMA OYJ ;TECNOTREE OYJ ;TIETO OYJ ;TOKMANNI GROUP ;UPONOR OYJ 
TAKOMA OYJ ;TALENTUM OYJ ;TAKOMA OYJ ;TALENTUM OYJ ;TRAINERS HOUSE ;TIIMARI OYJ ABP ;TALENTUM OYJ ;TELESTE OYJ ;TIKKURILA OYJ ;TRAINERS HOUSE ;PLC UUTECHNIC 
TALENTUM OYJ ;TAMFELT OYJ ABP ;TALENTUM OYJ ;TECHNOPOLIS OYJ ;TULIKIVI OYJ ;TIKKURILA OYJ ;TECHNOPOLIS OYJ ;TIETO OYJ ;TRAINERS HOUSE ;TULIKIVI OYJ ;VAISALA OYJ 
TECHNOPOLIS OYJ ;TECHNOPOLIS OYJ ;TAMFELT OYJ ABP ;TECNOTREE OYJ ;TURVATIIMI CORP ;TRAINERS HOUSE ;TECNOTREE OYJ ;TIKKURILA OYJ ;TULIKIVI OYJ ;UPM KYMMENE OYJ;VALMET OYJ 
TEKLA OYJ ;TECNOTREE OYJ ;TECHNOPOLIS OYJ ;TEKLA OYJ ;UPM KYMMENE OYJ;TULIKIVI OYJ ;TELESTE OYJ ;TRAINERS HOUSE ;UPM KYMMENE OYJ;UPONOR OYJ ;VALOE OYJ 
TELESTE OYJ ;TEKLA OYJ ;TECNOTREE OYJ ;TELESTE OYJ ;UPONOR OYJ ;TURVATIIMI CORP ;TIETO OYJ ;TULIKIVI OYJ ;UPONOR OYJ ;PLC UUTECHNIC ;VIKING LINE ABP 
TIETO OYJ ;TELESTE OYJ ;TEKLA OYJ ;TIETO OYJ ;PLC UUTECHNIC ;UPM KYMMENE OYJ;TIKKURILA OYJ ;TURVATIIMI CORP ;VAISALA OYJ ;VAISALA OYJ ;WARTSILA OYJ 
TIIMARI OYJ ABP ;TIETO OYJ ;TELESTE OYJ ;TIIMARI OYJ ABP ;VACON OYJ ;UPONOR OYJ ;TRAINERS HOUSE ;UPM KYMMENE OYJ;VALMET OYJ ;VALMET OYJ ;WULFF GROUP 
TRAINERS HOUSE ;TIIMARI OYJ ABP ;TIETO OYJ ;TIKKURILA OYJ ;VAISALA OYJ ;PLC UUTECHNIC ;TULIKIVI OYJ ;UPONOR OYJ ;VALOE OYJ ;VALOE OYJ ;YIT OYJ 
TULIKIVI OYJ ;TRAINERS HOUSE ;TIIMARI OYJ ABP ;TRAINERS HOUSE ;VALOE OYJ ;VACON OYJ ;TURVATIIMI CORP ;PLC UUTECHNIC ;VIKING LINE ABP ;VIKING LINE ABP ;YLEISELEKTRONIIKKA 
TURVATIIMI CORP ;TULIKIVI OYJ ;TULIKIVI OYJ ;TULIKIVI OYJ ;VIKING LINE ABP ;VAISALA OYJ ;UPM KYMMENE OYJ;VACON OYJ ;WARTSILA OYJ ;WARTSILA OYJ ;
UPM KYMMENE OYJ;TURVATIIMI CORP ;TURVATIIMI CORP ;TURVATIIMI CORP ;WARTSILA OYJ ;VALOE OYJ ;UPONOR OYJ ;VAISALA OYJ ;WULFF GROUP ;WULFF GROUP ;
UPONOR OYJ ;UPM KYMMENE OYJ;UPM KYMMENE OYJ;UPM KYMMENE OYJ;WULFF GROUP ;VIKING LINE ABP ;PLC UUTECHNIC ;VALMET OYJ ;YIT OYJ ;YIT OYJ ;
PLC UUTECHNIC ;UPONOR OYJ ;UPONOR OYJ ;UPONOR OYJ ;YIT OYJ ;WARTSILA OYJ ;VACON OYJ ;VALOE OYJ ;YLEISELEKTRONIIKKA ;YLEISELEKTRONIIKKA ;
VACON OYJ ;PLC UUTECHNIC ;PLC UUTECHNIC ;PLC UUTECHNIC ;YLEISELEKTRONIIKKA ;WULFF GROUP ;VAISALA OYJ ;VIKING LINE ABP ;;;
VAISALA OYJ ;VACON OYJ ;VACON OYJ ;VACON OYJ ;;YIT OYJ ;VIKING LINE ABP ;WARTSILA OYJ ;;;
VALOE OYJ ;VAISALA OYJ ;VAISALA OYJ ;VAISALA OYJ ;;YLEISELEKTRONIIKKA ;WARTSILA OYJ ;WULFF GROUP ;;;
VIKING LINE ABP ;VALOE OYJ ;VALOE OYJ ;VALOE OYJ ;;;WULFF GROUP ;YIT OYJ ;;;
WARTSILA OYJ ;VIKING LINE ABP ;VIKING LINE ABP ;VIKING LINE ABP ;;;YIT OYJ ;YLEISELEKTRONIIKKA ;;;
WULFF GROUP ;WARTSILA OYJ ;WARTSILA OYJ ;WARTSILA OYJ ;;;YLEISELEKTRONIIKKA ;;;;
YIT OYJ ;WULFF GROUP ;WULFF GROUP ;WULFF GROUP ;;;;;;;
YLEISELEKTRONIIKKA ;YIT OYJ ;YIT OYJ ;YIT OYJ ;;;;;;;
;YLEISELEKTRONIIKKA ;YLEISELEKTRONIIKKA ;YLEISELEKTRONIIKKA ;;;;;;;
